{
  "sensingData": {
    "ndvi": {
      "monthly_average": {
        "2025-09": 0.5309070925511016,
        "2025-10": 0.7517022858163896,
        "2025-11": 0.8534137276517021,
        "2025-12": 0.9659680643378251
      }
    }
  },
  "timestamp": "2024-01-01T00:00:00Z"
}
